m_name,m_surname,m_email,m_birth_year,m_birth_month,m_birth_day,m_group,m_rating,m_phone_number
Іван,Кравченко,ivan.kravchenko@student.org,1970,8,13,NXE-49,94.23,38(050)76-70-965
Дмитро,Гладко,dmytro.hladko@student.org,1995,8,9,LTJ-55,27.34,38(063)74-58-940
Остап,Король,ostap.korol@student.org,1985,1,14,WWU-13,4.91,38(096)10-61-977
Любов,Марченко,lyubov.marchenko@student.org,1986,7,2,VET-47,40.85,38(066)19-82-831
Павло,Гайдук,pavlo.hayduk@student.org,1975,4,9,DHS-92,8.53,38(068)12-34-790
Віталій,Новік,vitaliy.novik@student.org,1977,12,4,EJE-20,1.29,38(098)76-16-556
Юлія,Рибак,yuliya.rybak@student.org,2005,10,19,UFI-24,96.8,38(068)96-90-907
Костянтин,Поліщук,kostyantyn.polishchuk@student.org,1977,8,21,WMT-69,82.48,38(063)91-64-891
Юлія,Дорошенко,yuliya.doroshenko@student.org,1963,4,9,TDY-78,88.48,38(073)51-85-527
Андрій,Ковальчук,andriy.kovalchuk@student.org,1958,10,8,XBO-96,58.01,38(067)59-10-760
Юлія,Демченко,yuliya.demchenko@student.org,1980,10,22,CJW-21,3.9,38(099)67-49-709
Ярослав,Король,yaroslav.korol@student.org,1955,10,18,IBG-59,65.64,38(073)72-68-530
Денис,Шевчук,denys.shevchuk@student.org,2002,5,15,GNN-28,16.71,38(066)62-33-620
Галина,Бойко,halyna.boyko@student.org,1979,6,12,DYS-79,65.9,38(098)77-66-918
Богдан,Білоус,bohdan.bilous@student.org,1993,4,21,EIO-63,20.92,38(098)22-82-551
Олександр,Демченко,oleksandr.demchenko@student.org,1976,5,19,OGM-36,5.68,38(095)83-21-430
Костянтин,Новік,kostyantyn.novik@student.org,1952,7,13,EHH-99,12.01,38(063)31-73-386
Віталій,Демченко,vitaliy.demchenko@student.org,1994,1,1,MNR-34,13.3,38(063)51-18-602
Михайло,Рибак,mykhaylo.rybak@student.org,2010,5,18,DTJ-21,20.68,38(098)78-49-610
Інна,Гайдук,inna.hayduk@student.org,1978,11,23,QSA-67,97.65,38(067)44-59-867
Вікторія,Король,viktoriya.korol@student.org,2006,1,31,ZEV-93,81.56,38(066)74-87-785
Тарас,Дорошенко,taras.doroshenko@student.org,1970,8,15,PIK-23,5.51,38(095)15-10-468
Андрій,Лебедь,andriy.lebed@student.org,1956,4,2,BSF-26,17.5,38(096)87-17-243
Тарас,Левченко,taras.levchenko@student.org,1958,1,11,XAP-70,42.97,38(097)88-40-557
Лілія,Гордієнко,liliya.hordiyenko@student.org,1991,6,29,WCV-17,61.38,38(095)40-39-966
Раїса,Гордієнко,rayisa.hordiyenko@student.org,1992,6,23,SWH-53,30.63,38(050)26-42-493
Алла,Гриценко,alla.hrytsenko@student.org,1969,2,20,WXL-20,13.55,38(096)80-10-660
Оксана,Білоус,oksana.bilous@student.org,1980,9,12,QIP-28,21.73,38(050)25-10-896
Дмитро,Шевчук,dmytro.shevchuk@student.org,1981,3,6,DKM-25,70.09,38(067)58-26-909
Денис,Бойко,denys.boyko@student.org,1985,7,8,BXF-92,49.96,38(073)80-90-275
Михайло,Романенко,mykhaylo.romanenko@student.org,1990,1,19,FOZ-92,31.91,38(067)96-65-689
Сергій,Руденко,serhiy.rudenko@student.org,1950,7,18,BRN-71,69.2,38(066)72-43-110
Надія,Демченко,nadiya.demchenko@student.org,1974,3,19,FOG-44,98.61,38(068)84-71-237
Станіслав,Гладко,stanislav.hladko@student.org,1958,12,13,QCK-38,66.48,38(096)63-36-382
Петро,Шевченко,petro.shevchenko@student.org,1956,12,7,IHT-89,28.21,38(073)26-46-946
Вера,Шевченко,vera.shevchenko@student.org,1965,7,14,UDA-50,63.56,38(096)25-62-240
Вера,Іваненко,vera.ivanenko@student.org,2010,11,19,YFX-15,75.08,38(068)36-81-827
Роман,Король,roman.korol@student.org,1988,7,5,ETZ-41,86.52,38(073)57-90-803
Анна,Литвин,anna.lytvyn@student.org,1994,11,16,IAZ-42,75.25,38(066)43-21-944
Лариса,Стельмах,larysa.stelmakh@student.org,1958,3,17,ZXE-12,47.1,38(068)55-50-930
Іван,Василенко,ivan.vasylenko@student.org,1995,3,30,JBK-13,70.05,38(095)87-27-223
Іван,Мельник,ivan.melnyk@student.org,2006,4,19,SIH-56,8.52,38(050)68-13-538
Валентина,Цимбал,valentyna.tsymbal@student.org,2004,11,13,ITD-13,74.91,38(067)80-41-226
Андрій,Панченко,andriy.panchenko@student.org,1957,8,2,SHY-12,98.76,38(066)89-25-355
Галина,Ковальчук,halyna.kovalchuk@student.org,1966,9,22,IRD-30,40.81,38(095)19-14-497
Андрій,Коваль,andriy.koval@student.org,1966,11,11,FKP-80,66.84,38(068)95-36-644
Інна,Кузьменко,inna.kuzmenko@student.org,1987,3,26,QXQ-62,13.34,38(098)81-85-275
Михайло,Коваль,mykhaylo.koval@student.org,1957,2,15,TTW-81,40.22,38(063)89-66-748
Станіслав,Зайцев,stanislav.zaytsev@student.org,1980,2,2,VCH-57,74.8,38(095)10-48-687
Максим,Лисенко,maksym.lysenko@student.org,1984,4,20,YYU-56,96.6,38(093)26-60-958
Світлана,Гриценко,svitlana.hrytsenko@student.org,1962,3,7,RFI-24,44.5,38(097)32-61-398
Ярослав,Левченко,yaroslav.levchenko@student.org,1971,5,9,XWJ-48,41.74,38(097)25-46-287
Надія,Гладко,nadiya.hladko@student.org,1986,6,6,KFS-31,56.11,38(073)71-88-122
Галина,Павленко,halyna.pavlenko@student.org,1965,10,31,KQI-14,36.6,38(066)32-43-795
Василь,Кравченко,vasyl.kravchenko@student.org,1975,9,15,IDL-49,16.62,38(096)16-35-468
Юрій,Савченко,yuriy.savchenko@student.org,1963,1,2,YDG-56,23.06,38(066)64-44-954
Світлана,Литвин,svitlana.lytvyn@student.org,1971,12,18,QIP-62,95.64,38(067)70-71-455
Богдан,Лисенко,bohdan.lysenko@student.org,2002,3,4,OMS-69,21.9,38(096)44-44-751
Богдан,Марченко,bohdan.marchenko@student.org,1950,9,7,HXP-30,30.8,38(063)25-92-103
Артем,Новік,artem.novik@student.org,2000,6,15,JDK-31,14.49,38(099)39-50-305
Ірина,Василенко,iryna.vasylenko@student.org,1984,9,24,IQP-64,61.67,38(093)77-23-458
Ірина,Омельченко,iryna.omelchenko@student.org,1983,5,18,GCU-67,44.23,38(073)76-97-876
Наталія,Левченко,nataliya.levchenko@student.org,1959,7,30,RQA-27,64.29,38(068)12-78-304
Олександр,Лебедь,oleksandr.lebed@student.org,1967,3,14,ZAI-54,11.71,38(066)44-24-117
Любов,Поліщук,lyubov.polishchuk@student.org,1982,2,11,BBC-63,31.21,38(093)55-47-181
Анна,Гриценко,anna.hrytsenko@student.org,1991,6,10,SMK-44,30.81,38(098)77-29-871
Роман,Дорошенко,roman.doroshenko@student.org,1969,2,6,MAD-27,79.81,38(073)50-20-683
Сергій,Зайцев,serhiy.zaytsev@student.org,1952,11,4,CGY-87,15.57,38(093)99-80-239
Тарас,Бойко,taras.boyko@student.org,1976,2,19,BSQ-40,83.33,38(050)71-37-402
Людмила,Савченко,lyudmyla.savchenko@student.org,1959,7,11,FKA-97,93.35,38(093)51-37-903
Оксана,Кравченко,oksana.kravchenko@student.org,1986,7,22,EUU-86,71.7,38(073)15-42-636
Олена,Панченко,olena.panchenko@student.org,1974,11,18,FKK-11,43.48,38(097)14-79-891
Анна,Руденко,anna.rudenko@student.org,1978,3,6,SSC-58,7.78,38(098)28-92-503
Денис,Поліщук,denys.polishchuk@student.org,1995,2,15,IFY-76,53.59,38(095)49-33-224
Остап,Макаренко,ostap.makarenko@student.org,1955,10,16,QLZ-84,16.78,38(093)55-65-528
Катерина,Лебедь,kateryna.lebed@student.org,1998,10,9,PBP-16,85.93,38(096)58-28-471
Любов,Дорошенко,lyubov.doroshenko@student.org,1977,7,6,ICV-97,45.21,38(098)76-49-563
Віктор,Гладко,viktor.hladko@student.org,1961,3,21,BGB-34,87.91,38(098)40-15-969
Євгенія,Білоус,yevheniya.bilous@student.org,1974,9,29,JCV-77,22.93,38(097)36-87-873
Федір,Демченко,fedir.demchenko@student.org,2002,10,1,WGM-82,19.74,38(096)92-43-536
Остап,Ткаченко,ostap.tkachenko@student.org,1992,7,15,MKC-39,83.51,38(067)51-33-759
Любов,Лебедь,lyubov.lebed@student.org,1970,11,15,ASK-84,50.72,38(096)95-13-299
Оксана,Лисенко,oksana.lysenko@student.org,1991,10,9,LUE-73,62.11,38(093)36-52-143
Валентина,Костенко,valentyna.kostenko@student.org,1963,9,12,SQB-29,75.31,38(093)72-54-137
Інна,Гайдук,inna.hayduk1@student.org,1980,7,1,GGX-20,81.11,38(099)83-19-145
Андрій,Захарченко,andriy.zakharchenko@student.org,2010,7,30,FHJ-12,41.11,38(068)33-22-674
Костянтин,Козлов,kostyantyn.kozlov@student.org,2008,8,24,ZSJ-70,72.53,38(066)36-14-527
Роман,Лисенко,roman.lysenko@student.org,1996,11,16,QPT-83,41.04,38(099)93-54-806
Михайло,Дорошенко,mykhaylo.doroshenko@student.org,1951,7,2,SQY-98,57.34,38(099)31-34-487
Іван,Савченко,ivan.savchenko@student.org,1950,11,9,EAJ-77,23.39,38(099)71-78-851
Вера,Шевченко,vera.shevchenko1@student.org,1985,9,14,AQW-53,16.32,38(099)59-92-319
Світлана,Панченко,svitlana.panchenko@student.org,1965,4,5,FBM-40,46.0,38(063)59-29-893
Станіслав,Шевченко,stanislav.shevchenko@student.org,1953,6,14,GLI-36,67.8,38(066)36-97-920
Станіслав,Поліщук,stanislav.polishchuk@student.org,1996,8,20,IXU-95,90.85,38(067)13-50-558
Вера,Гончаренко,vera.honcharenko@student.org,1950,1,18,XUB-80,95.1,38(097)81-92-341
Володимир,Лебедь,volodymyr.lebed@student.org,1984,3,19,GNP-66,96.43,38(068)55-13-302
Сергій,Король,serhiy.korol@student.org,1988,4,6,VOW-77,56.53,38(068)59-54-724
Людмила,Скрипка,lyudmyla.skrypka@student.org,1995,4,22,DCS-11,32.2,38(095)11-18-440
Олена,Костенко,olena.kostenko@student.org,2006,11,16,ZZL-26,33.01,38(066)97-10-148
Богдан,Левченко,bohdan.levchenko@student.org,1959,11,9,VRS-53,30.77,38(073)26-43-439
